#,Player,Team,Abbr,Role,Capped,Status,Price_Cr,Base_Price_Cr,MAT,INN,RUNS,BF,NO,HS,AVG,SR,HUNDREDS,FIFTIES,FOURS,SIXES,boundary_pct
1,Rishabh Pant,Lucknow Super Giants,LSG,Wicketkeeper-Batsman,Capped,Auctioned,27.0,2.0,14,13,269,202,2,118,24.45,133.17,1,1,23,16,69.89
2,Shreyas Iyer,Punjab Kings,PBKS,Batsman,Capped,Auctioned,26.75,2.0,18,17,604,345,5,97,50.33,175.07,0,6,43,39,67.22
3,Heinrich Klaasen,Sunrisers Hyderabad,SRH,Batsman,Retained,Retained,23.0,,14,13,487,282,2,105,44.27,172.7,1,1,42,25,65.3
4,Nicholas Pooran,Lucknow Super Giants,LSG,Batsman,Retained,Retained,21.0,,14,14,524,267,2,87,43.67,196.25,0,5,45,40,80.15
5,Virat Kohli,Royal Challengers Bengaluru,RCB,Batsman,Retained,Retained,21.0,,15,15,657,454,3,73,54.75,144.71,0,8,66,19,57.53
6,Sanju Samson,Rajasthan Royals,RR,Batsman,Retained,Retained,18.0,,9,9,285,203,0,66,31.67,140.39,0,1,27,13,65.26
7,Ruturaj Gaikwad,Chennai Super Kings,CSK,Batsman,Retained,Retained,18.0,,5,5,122,81,0,63,24.4,150.62,0,2,14,4,65.57
8,Shubman Gill,Gujarat Titans,GT,Batsman,Retained,Retained,16.5,,15,15,650,417,2,93,50.0,155.88,0,6,62,24,60.31
9,Suryakumar Yadav,Mumbai Indians,MI,Batsman,Retained,Retained,16.35,,16,16,717,427,5,73,65.18,167.92,0,5,69,38,70.29
10,Rohit Sharma,Mumbai Indians,MI,Batsman,Retained,Retained,16.3,,15,15,418,280,1,81,29.86,149.29,0,4,41,22,70.81
11,Jos Buttler,Gujarat Titans,GT,Wicketkeeper-Batsman,Capped,Auctioned,15.75,2.0,14,13,538,330,4,97,59.78,163.03,0,5,52,24,65.43
12,KL Rahul,Delhi Capitals,DC,Wicketkeeper-Batsman,Capped,Auctioned,14.0,2.0,14,14,546,363,4,112,54.6,150.41,1,3,53,21,61.9
13,Dhruv Jurel,Rajasthan Royals,RR,Batsman,Retained,Retained,14.0,,14,13,333,213,4,70,37.0,156.34,0,2,22,22,66.07
14,Travis Head,Sunrisers Hyderabad,SRH,Batsman,Retained,Retained,14.0,,13,12,374,230,0,76,31.17,162.61,0,3,50,15,77.54
15,Rinku Singh,Kolkata Knight Riders,KKR,Batsman,Retained,Retained,13.0,,13,11,206,134,4,38,29.43,153.73,0,0,20,10,67.96
16,Phil Salt,Royal Challengers Bengaluru,RCB,Wicketkeeper-Batsman,Capped,Auctioned,11.5,2.0,13,13,403,229,1,65,33.58,175.98,0,4,48,22,80.4
17,Ishan Kishan,Sunrisers Hyderabad,SRH,Wicketkeeper-Batsman,Capped,Auctioned,11.25,2.0,14,13,354,232,3,106,35.4,152.59,1,1,33,15,62.71
18,Jitesh Sharma,Royal Challengers Bengaluru,RCB,Wicketkeeper-Batsman,Capped,Auctioned,11.0,1.0,15,11,261,148,4,85,37.29,176.35,0,1,24,17,75.86
19,Shimron Hetmyer,Rajasthan Royals,RR,Batsman,Retained,Retained,11.0,,14,14,245,168,3,52,22.27,145.83,0,1,18,11,56.33
20,Rajat Patidar,Royal Challengers Bengaluru,RCB,Batsman,Retained,Retained,11.0,,15,14,312,217,1,64,24.0,143.78,0,2,25,14,58.97
21,Tristan Stubbs,Delhi Capitals,DC,Batsman,Retained,Retained,10.0,,15,14,306,200,8,41,51.0,153.0,0,0,25,12,56.21
22,Jake Fraser-McGurk,Delhi Capitals,DC,Batsman,Capped,Auctioned,9.0,2.0,6,6,55,52,0,38,9.17,105.77,0,0,7,2,72.73
23,David Miller,Lucknow Super Giants,LSG,Batsman,Capped,Auctioned,7.5,1.5,11,10,153,120,5,27,30.6,127.5,0,0,13,4,49.67
24,Devon Conway,Chennai Super Kings,CSK,Wicketkeeper-Batsman,Capped,Auctioned,6.25,2.0,6,6,156,119,0,69,26.0,131.09,0,2,17,4,58.97
25,Nitish Rana,Rajasthan Royals,RR,Batsman,Capped,Auctioned,4.2,1.5,11,11,217,134,1,81,21.7,161.94,0,2,27,9,74.65
26,Abdul Samad,Lucknow Super Giants,LSG,Batsman,Uncapped,Auctioned,4.2,0.3,13,12,164,93,4,45,20.5,176.34,0,0,8,14,70.73
27,Nehal Wadhera,Punjab Kings,PBKS,Batsman,Uncapped,Auctioned,4.2,0.3,17,15,369,253,3,70,30.75,145.85,0,2,28,21,64.5
28,Prabhsimran Singh,Punjab Kings,PBKS,Batsman,Retained,Retained,4.0,,18,18,599,370,1,91,35.24,161.89,0,5,63,30,72.12
29,Abishek Porel,Delhi Capitals,DC,Batsman,Retained,Retained,4.0,,14,13,301,205,1,51,25.08,146.83,0,1,28,12,61.13
30,MS Dhoni,Chennai Super Kings,CSK,Batsman,Retained,Retained,4.0,,14,13,196,145,5,30,24.5,135.17,0,0,12,12,61.22
31,Priyansh Arya,Punjab Kings,PBKS,Batsman,Uncapped,Auctioned,3.8,0.3,18,18,545,299,0,103,30.28,182.27,1,3,60,31,78.17
32,Ashutosh Sharma,Delhi Capitals,DC,Batsman,Uncapped,Auctioned,3.8,0.3,13,9,204,127,2,66,29.14,160.63,0,1,14,13,65.69
33,Quinton de Kock,Kolkata Knight Riders,KKR,Wicketkeeper-Batsman,Capped,Auctioned,3.6,2.0,8,8,152,117,1,97,21.71,129.91,0,1,9,11,67.11
34,Rahul Tripathi,Chennai Super Kings,CSK,Batsman,Capped,Auctioned,3.4,0.75,5,5,55,57,0,23,11.0,96.49,0,0,6,1,54.55
35,Abhinav Manohar,Sunrisers Hyderabad,SRH,Batsman,Uncapped,Auctioned,3.2,0.3,8,5,61,61,0,43,12.2,100.0,0,0,2,4,52.46
36,Tim David,Royal Challengers Bengaluru,RCB,Batsman,Capped,Auctioned,3.0,2.0,12,9,187,101,6,50,62.33,185.15,0,1,16,14,79.14
37,Angkrish Raghuvanshi,Kolkata Knight Riders,KKR,Batsman,Uncapped,Auctioned,3.0,0.3,12,11,300,215,2,50,33.33,139.53,0,1,30,8,56.0
38,Josh Inglis,Punjab Kings,PBKS,Wicketkeeper-Batsman,Capped,Auctioned,2.6,2.0,12,11,278,171,2,73,30.89,162.57,0,1,26,16,71.94
39,Aiden Markram,Lucknow Super Giants,LSG,Batsman,Capped,Auctioned,2.0,2.0,13,13,445,299,0,66,34.23,148.83,0,5,38,22,63.82
40,Rahmanullah Gurbaz,Kolkata Knight Riders,KKR,Wicketkeeper-Batsman,Capped,Auctioned,2.0,2.0,5,5,74,53,1,35,18.5,139.62,0,0,10,3,78.38
41,Faf du Plessis,Delhi Capitals,DC,Batsman,Capped,Auctioned,2.0,2.0,10,9,202,163,0,62,22.44,123.93,0,2,18,8,59.41
42,Devdutt Padikkal,Royal Challengers Bengaluru,RCB,Batsman,Capped,Auctioned,2.0,2.0,10,10,247,164,1,61,27.44,150.61,0,2,22,14,69.64
43,Ajinkya Rahane,Kolkata Knight Riders,KKR,Batsman,Capped,Auctioned,1.5,1.5,13,12,390,264,1,61,35.45,147.73,0,3,36,20,67.69
44,Rovman Powell,Kolkata Knight Riders,KKR,Batsman,Capped,Auctioned,1.5,1.5,2,1,5,5,0,5,5.0,100.0,0,0,1,0,80.0
45,Vaibhav Suryavanshi,Rajasthan Royals,RR,Batsman,Uncapped,Auctioned,1.1,0.3,7,7,252,122,0,101,36.0,206.56,1,1,18,24,85.71
46,Ryan Rickelton,Mumbai Indians,MI,Wicketkeeper-Batsman,Capped,Auctioned,1.0,1.0,14,14,388,257,1,62,29.85,150.97,0,3,47,17,74.74
47,Sameer Rizvi,Delhi Capitals,DC,Batsman,Uncapped,Auctioned,0.95,0.3,6,4,121,79,1,58,40.33,153.16,0,1,11,7,71.07
48,Shubham Dubey,Rajasthan Royals,RR,Batsman,Uncapped,Auctioned,0.8,0.3,9,8,106,66,4,34,26.5,160.61,0,0,6,8,67.92
49,Manish Pandey,Kolkata Knight Riders,KKR,Batsman,Capped,Auctioned,0.75,0.75,3,3,92,65,1,37,46.0,141.54,0,0,5,5,54.35
50,Matthew Breetzke,Lucknow Super Giants,LSG,Batsman,Capped,Auctioned,0.75,0.75,1,1,14,12,0,14,14.0,116.67,0,0,1,1,71.43
51,Karun Nair,Delhi Capitals,DC,Batsman,Uncapped,Auctioned,0.5,0.3,8,8,198,115,0,89,24.75,172.17,0,1,24,10,78.79
52,Aniket Verma,Sunrisers Hyderabad,SRH,Batsman,Uncapped,Auctioned,0.3,0.3,14,12,236,142,3,74,26.22,166.2,0,1,12,20,71.19
53,Shaik Rasheed,Chennai Super Kings,CSK,Batsman,Uncapped,Auctioned,0.3,0.3,5,5,71,63,0,27,14.2,112.7,0,0,9,2,67.61
54,Atharva Taide,Sunrisers Hyderabad,SRH,Batsman,Uncapped,Auctioned,0.3,0.3,1,1,13,9,0,13,13.0,144.44,0,0,3,0,92.31
55,Kunal Singh Rathore,Rajasthan Royals,RR,Batsman,Capped,Auctioned,0.3,,1,1,0,5,0,0,0.0,0.0,0,0,0,0,
